{"cameraMode":{"drawMode":0,"name":"Shaded","section":"Shading Mode"},"sceneLighting":true,"audioPlay":false,"sceneViewState":{"showFog":true,"showMaterialUpdate":false,"showSkybox":true,"showFlares":true,"showImageEffects":true,"showParticleSystems":true},"in2DMode":false,"pivot":{"x":0.3180522918701172,"y":0.3296642303466797,"z":-0.7764503955841065},"rotation":{"x":-0.11469912528991699,"y":0.7185218334197998,"z":-0.1220892071723938,"w":-0.6750305891036987},"size":2.8584680557250978,"orthographic":false}